Axis,explained_variance_ratio
Axis1,0.316508797714743
Axis2,0.1150832720960838
Axis3,0.07229214121560744
